id,ndc,type,brand_name,generic_name,dosage_form,route,start_date,end_date,manufacturer,active_ingredient,strength,unit,class,schedule,price,interactions,tags,side_effects,image
1,0904-5551,OTC,Banophen,Diphenhydramine HCl,TABLET,ORAL,3/2/1990,0000-00-00,Major Pharmaceuticals,DIPHENHYDRAMINE HYDROCHLORIDE,25,mg/1,,,0,,,,
2,50580-226,OTC,Benadryl,Diphenhydramine Hydrochloride,"TABLET, FILM COATED",ORAL,9/1/2008,0000-00-00,"Johnson & Johnson Consumer Inc., McNeil Consumer Healthcare Division",DIPHENHYDRAMINE HYDROCHLORIDE,50,mg/1,,,0,,,,
3,0603-0150,OTC,DocQLace,docusate sodium,CAPSULE,ORAL,8/1/2011,0000-00-00,Qualitest Pharmaceuticals,DOCUSATE SODIUM,100,mg/1,,,0,,,,
4,0135-0576,OTC,FLONASE,fluticasone propionate,"SPRAY, METERED",NASAL,12/4/2014,0000-00-00,GlaxoSmithKline Consumer Healthcare Holdings (US) LLC,FLUTICASONE PROPIONATE,50,ug/1,,,0,,,,
5,0573-0150,OTC,ADVIL,ibuprofen,"TABLET, COATED",ORAL,5/18/1984,0000-00-00,Pfizer Consumer Healthcare,IBUPROFEN,200,mg/1,,,0,,,,
6,0002-8215,OTC,Humulin,Insulin human,"INJECTION, SOLUTION",PARENTERAL,6/27/1983,0000-00-00,Eli Lilly and Company,INSULIN HUMAN,100,[iU]/mL,,,0,,,,
7,44911-0264,OTC,5-HTP Phenolic,5-Hydroxytryptophan,LIQUID,ORAL,9/8/2015,0000-00-00,"Energique, Inc.",OXITRIPTAN,6,[hp_X]/mL,,,0,,,,
8,41167-5800,OTC,Nasacort Allergy 24HR,Triamcinolone Acetonide,"SPRAY, METERED",NASAL,2/3/2014,0000-00-00,"Chattem, Inc.",TRIAMCINOLONE ACETONIDE,55,ug/1,,,0,,,,
9,50580-726,OTC,Zyrtec Allergy,Cetirizine Hydrochloride,"TABLET, FILM COATED",ORAL,10/1/2008,0000-00-00,"Johnson & Johnson Consumer Inc., McNeil Consumer Healthcare Division",CETIRIZINE HYDROCHLORIDE,10,mg/1,,,0,,,,
10,11523-1527,OTC,Claritin,Loratadine,TABLET,ORAL,4/12/1993,0000-00-00,"MSD Consumer Care, Inc.",LORATADINE,10,mg/1,,,0,,,,
11,44946-1046,PRESCRIPTION,PNV Prenatal Vitamin,".Alpha.-Tocopherol Acetate, DL-, Ascorbic Acid, Cholecalciferol, Cyanocobalamin, Folic Acid, Ferrous fumarate, Calcium Phosphate, Dibasic, Anhydrous, Niacinamide, Pyridoxine Hydrochloride, Riboflavin, Thiamine Mononitrate, and Vitamin A Acetate",TABLET,ORAL,12/7/2012,0000-00-00,Sancilio & Company Inc,".ALPHA.-TOCOPHEROL ACETATE, DL-; ASCORBIC ACID; CHOLECALCIFEROL; CYANOCOBALAMIN; FOLIC ACID; FERROUS FUMARATE; CALCIUM PHOSPHATE, DIBASIC, ANHYDROUS; NIACINAMIDE; PYRIDOXINE HYDROCHLORIDE; RIBOFLAVIN; THIAMINE MONONITRATE; VITAMIN A ACETATE",15; 60; 400; 4.5; 1; 27; 50; 13.5; 1.05; 1.2; 1.05; 2500,[iU]/1; mg/1; [iU]/1; ug/1; mg/1; mg/1; mg/1; mg/1; mg/1; mg/1; mg/1; [iU]/1,"Vitamin D [Chemical/Ingredient],Vitamin D [EPC],Vitamin B 12 [Chemical/Ingredient],Vitamin B12 [EPC],Vitamin A [Chemical/Ingredient],Vitamin A [EPC]",,0,,,,
12,54868-5831,PRESCRIPTION,Precose,Acarbose,TABLET,ORAL,11/19/2007,0000-00-00,"Physicians Total Care, Inc.",ACARBOSE,25,mg/1,"alpha Glucosidase Inhibitors [MoA],alpha-Glucosidase Inhibitor [EPC]",,0,,,,
13,63629-1518,PRESCRIPTION,Regular Strength QPAP,Acetaminophen,TABLET,ORAL,2/1/1996,0000-00-00,Bryant Ranch Prepack,ACETAMINOPHEN,325,mg/1,,,0,,,,
14,50090-0006,PRESCRIPTION,TYLENOL with Codeine,acetaminophen and codeine phosphate,TABLET,ORAL,8/17/1977,0000-00-00,A-S Medication Solutions LLC,ACETAMINOPHEN; CODEINE PHOSPHATE,300; 30,mg/1; mg/1,"Full Opioid Agonists [MoA],Opioid Agonist [EPC]",CIII,0,,,,
15,0173-0945,PRESCRIPTION,ZOVIRAX,acyclovir,TABLET,ORAL,5/7/1991,8/31/2017,GlaxoSmithKline LLC,ACYCLOVIR,800,mg/1,"DNA Polymerase Inhibitors [MoA],Herpes Simplex Virus Nucleoside Analog DNA Polymerase Inhibitor [EPC],Herpes Zoster Virus Nucleoside Analog DNA Polymerase Inhibitor [EPC],Herpesvirus Nucleoside Analog DNA Polymerase Inhibitor [EPC],Nucleoside Analog [Chemical/Ingredient]",,0,,,,
16,0781-7142,PRESCRIPTION,Adapalene,Adapalene,GEL,TOPICAL,4/28/2014,0000-00-00,Sandoz Inc.,ADAPALENE,3,mg/g,"Retinoid [EPC],Retinoids [Chemical/Ingredient]",,0,,,,
17,0378-0255,PRESCRIPTION,Albuterol,albuterol sulfate,TABLET,ORAL,1/17/1991,0000-00-00,Mylan Pharmaceuticals Inc.,ALBUTEROL SULFATE,2,mg/1,"Adrenergic beta2-Agonists [MoA],beta2-Adrenergic Agonist [EPC]",,0,,,,
18,59310-579,PRESCRIPTION,PROAIR,Albuterol Sulfate,"AEROSOL, METERED",RESPIRATORY (INHALATION),12/3/2012,0000-00-00,"Teva Respiratory, LLC",ALBUTEROL SULFATE,90,ug/1,"Adrenergic beta2-Agonists [MoA],beta2-Adrenergic Agonist [EPC]",,0,,,,
19,0173-0682,PRESCRIPTION,VENTOLIN,albuterol sulfate,"AEROSOL, METERED",RESPIRATORY (INHALATION),6/9/2006,0000-00-00,GlaxoSmithKline LLC,ALBUTEROL SULFATE,90,ug/1,"Adrenergic beta2-Agonists [MoA],beta2-Adrenergic Agonist [EPC]",,0,,,,
20,0006-0031,PRESCRIPTION,FOSAMAX,alendronate sodium,TABLET,ORAL,9/29/1995,0000-00-00,Merck Sharp & Dohme Corp.,ALENDRONATE SODIUM,70,mg/1,"Bisphosphonate [EPC],Diphosphonates [Chemical/Ingredient]",,0,,,,
21,0378-5005,PRESCRIPTION,Alfuzosin Hydrochloride,alfuzosin,"TABLET, EXTENDED RELEASE",ORAL,8/9/2011,0000-00-00,Mylan Pharmaceuticals Inc.,ALFUZOSIN HYDROCHLORIDE,10,mg/1,"Adrenergic alpha-Antagonists [MoA],alpha-Adrenergic Blocker [EPC]",,0,,,,
22,0378-0137,PRESCRIPTION,Allopurinol,allopurinol,TABLET,ORAL,10/24/1986,0000-00-00,Mylan Pharmaceuticals Inc.,ALLOPURINOL,100,mg/1,"Xanthine Oxidase Inhibitor [EPC],Xanthine Oxidase Inhibitors [MoA]",,0,,,,
23,0009-0029,PRESCRIPTION,Xanax,alprazolam,TABLET,ORAL,10/16/1981,0000-00-00,Pharmacia and Upjohn Company LLC,ALPRAZOLAM,0.25,mg/1,"Benzodiazepine [EPC],Benzodiazepines [Chemical/Ingredient]",CIV,0,,,,
24,0781-2048,PRESCRIPTION,Amantadine Hydrochloride,Amantadine Hydrochloride,CAPSULE,ORAL,2/18/1987,0000-00-00,Sandoz Inc,AMANTADINE HYDROCHLORIDE,100,mg/1,"Influenza A M2 Protein Inhibitor [EPC],M2 Protein Inhibitors [MoA]",,0,,,,
25,0093-9133,PRESCRIPTION,Amiodarone Hydrochloride,Amiodarone Hydrochloride,TABLET,ORAL,11/30/1998,0000-00-00,Teva Pharmaceuticals USA Inc,AMIODARONE HYDROCHLORIDE,200,mg/1,"Antiarrhythmic [EPC],Cytochrome P450 3A4 Inhibitors [MoA],P-Glycoprotein Inhibitors [MoA],Cytochrome P450 1A2 Inhibitors [MoA],Cytochrome P450 2C9 Inhibitors [MoA],Cytochrome P450 2D6 Inhibitors [MoA]",,0,,,,
26,0378-2610,PRESCRIPTION,Amitriptyline Hydrochloride,amitriptyline hydrochloride,"TABLET, FILM COATED",ORAL,4/10/1978,0000-00-00,Mylan Pharmaceuticals Inc.,AMITRIPTYLINE HYDROCHLORIDE,10,mg/1,Tricyclic Antidepressant [EPC],,0,,,,
27,0378-5209,PRESCRIPTION,Norvasc,amlodipine besylate,TABLET,ORAL,3/23/2007,0000-00-00,Mylan Pharmaceuticals Inc.,AMLODIPINE BESYLATE,5,mg/1,"Calcium Channel Antagonists [MoA],Dihydropyridine Calcium Channel Blocker [EPC],Dihydropyridines [Chemical/Ingredient]",,0,,,,
28,0093-3107,PRESCRIPTION,Amoxicillin,Amoxicillin,CAPSULE,ORAL,9/30/1990,0000-00-00,Teva Pharmaceuticals USA Inc,AMOXICILLIN,250,mg/1,"Penicillin-class Antibacterial [EPC],Penicillins [Chemical/Ingredient]",,0,,,,
29,43598-006,PRESCRIPTION,AUGMENTIN,amoxicillin and clavulanate potassium,"TABLET, FILM COATED",ORAL,10/22/1990,0000-00-00,Dr. Reddy's Laboratories Inc,AMOXICILLIN; CLAVULANATE POTASSIUM,500; 125,mg/1; 1/1,"Penicillin-class Antibacterial [EPC],Penicillins [Chemical/Ingredient],beta Lactamase Inhibitor [EPC],beta Lactamase Inhibitors [MoA]",,0,,,,
30,0310-0201,PRESCRIPTION,ARIMIDEX,Anastrozole,TABLET,ORAL,1/16/1996,0000-00-00,AstraZeneca Pharmaceuticals LP,ANASTROZOLE,1,mg/1,"Aromatase Inhibitor [EPC],Aromatase Inhibitors [MoA]",,0,,,,
31,0003-0893,PRESCRIPTION,ELIQUIS,apixaban,"TABLET, FILM COATED",ORAL,12/28/2012,0000-00-00,"E.R. Squibb & Sons, L.L.C.",APIXABAN,2.5,mg/1,"Factor Xa Inhibitor [EPC],Factor Xa Inhibitors [MoA]",,0,,,,
32,16590-323,PRESCRIPTION,ABILIFY,ARIPIPRAZOLE,TABLET,ORAL,11/15/2002,0000-00-00,STAT RX USA LLC,ARIPIPRAZOLE,2,mg/1,Atypical Antipsychotic [EPC],,0,,,,
33,42254-014,PRESCRIPTION,Nuvigil,armodafinil,TABLET,ORAL,6/1/2009,0000-00-00,Rebel Distributors Corp,ARMODAFINIL,50,mg/1,,CIV,0,,,,
34,0597-0001,PRESCRIPTION,Aggrenox,aspirin and dipyridamole,"CAPSULE, EXTENDED RELEASE",ORAL,12/19/1999,0000-00-00,"Boehringer Ingelheim Pharmaceuticals, Inc.",ASPIRIN; DIPYRIDAMOLE,25; 200,mg/1; mg/1,"Cyclooxygenase Inhibitors [MoA],Decreased Prostaglandin Production [PE],Nonsteroidal Anti-inflammatory Compounds [Chemical/Ingredient],Nonsteroidal Anti-inflammatory Drug [EPC],Decreased Platelet Aggregation [PE],Platelet Aggregation Inhibitor [EPC]",,0,,,,
35,0310-0101,PRESCRIPTION,TENORMIN,Atenolol,TABLET,ORAL,9/1/1990,0000-00-00,AstraZeneca Pharmaceuticals LP,ATENOLOL,100,mg/1,"Adrenergic beta-Antagonists [MoA],beta-Adrenergic Blocker [EPC]",,0,,,,
36,0002-3227,PRESCRIPTION,Strattera,Atomoxetine hydrochloride,CAPSULE,ORAL,1/10/2003,0000-00-00,Eli Lilly and Company,ATOMOXETINE HYDROCHLORIDE,10,mg/1,"Norepinephrine Reuptake Inhibitor [EPC],Norepinephrine Uptake Inhibitors [MoA]",,0,,,,
37,0071-0155,PRESCRIPTION,Lipitor,atorvastatin calcium,"TABLET, FILM COATED",ORAL,12/17/1996,0000-00-00,Parke-Davis Div of Pfizer Inc,ATORVASTATIN CALCIUM TRIHYDRATE,10,mg/1,"HMG-CoA Reductase Inhibitor [EPC],Hydroxymethylglutaryl-CoA Reductase Inhibitors [MoA]",,0,,,,
38,0173-0675,PRESCRIPTION,MALARONE,atovaquone and proguanil hydrochloride,"TABLET, FILM COATED",ORAL,7/26/2000,0000-00-00,GlaxoSmithKline LLC,ATOVAQUONE; PROGUANIL HYDROCHLORIDE,250; 100,mg/1; mg/1,"Antimalarial [EPC],Antiprotozoal [EPC],Antimalarial [EPC],Dihydrofolate Reductase Inhibitors [MoA]",,0,,,,
39,0037-0241,PRESCRIPTION,Astelin,azelastine hydrochloride,"SPRAY, METERED",NASAL,11/15/1996,11/30/2016,Meda Pharmaceuticals Inc.,AZELASTINE HYDROCHLORIDE,137,ug/1,"Histamine H1 Receptor Antagonists [MoA],Histamine-1 Receptor Antagonist [EPC]",,0,,,,
40,0069-3060,PRESCRIPTION,Zithromax,azithromycin dihydrate,"TABLET, FILM COATED",ORAL,7/18/1996,0000-00-00,Pfizer Laboratories Div Pfizer Inc,AZITHROMYCIN DIHYDRATE,250,mg/1,"Macrolide Antimicrobial [EPC],Macrolides [Chemical/Ingredient]",,0,,,,
41,0172-4096,PRESCRIPTION,Baclofen,Baclofen,TABLET,ORAL,7/21/1988,0000-00-00,"Teva Pharmaceuticals USA, Inc.",BACLOFEN,10,mg/1,"GABA A Agonists [MoA],GABA B Agonists [MoA],gamma-Aminobutyric Acid-ergic Agonist [EPC]",,0,,,,
42,55154-6775,PRESCRIPTION,COLAZAL,balsalazide disodium,CAPSULE,ORAL,7/18/2000,0000-00-00,Cardinal Health,BALSALAZIDE DISODIUM,750,mg/1,"Aminosalicylate [EPC],Aminosalicylic Acids [Chemical/Ingredient]",,0,,,,
43,30698-447,PRESCRIPTION,Lotensin,benazepril hydrochloride,TABLET,ORAL,6/21/1991,0000-00-00,Validus Pharmaceuticals LLC,BENAZEPRIL HYDROCHLORIDE,5,mg/1,"Angiotensin Converting Enzyme Inhibitor [EPC],Angiotensin-converting Enzyme Inhibitors [MoA],Decreased Blood Pressure [PE]",,0,,,,
44,0069-0122,PRESCRIPTION,Tessalon,benzonatate,CAPSULE,ORAL,2/10/1958,0000-00-00,Pfizer Laboratories Div Pfizer Inc,BENZONATATE,100,mg/1,"Decreased Tracheobronchial Stretch Receptor Activity [PE],Non-narcotic Antitussive [EPC]",,0,,,,
45,76478-611,PRESCRIPTION,Cogentin,benztropine mesylate,TABLET,ORAL,8/5/1959,0000-00-00,"Oak Pharmaceuticals, Inc. (Subsidiary of Akorn, Inc.)",BENZTROPINE MESYLATE,1,mg/1,"Anticholinergic [EPC],Antihistamine [EPC],Cholinergic Antagonists [MoA],Histamine Receptor Antagonists [MoA]",,0,,,,
46,54569-1114,PRESCRIPTION,Betamethasone Dipropionate,Betamethasone Dipropionate,OINTMENT,TOPICAL,9/4/1984,0000-00-00,A-S Medication Solutions LLC,BETAMETHASONE DIPROPIONATE,0.5,mg/g,"Corticosteroid [EPC],Corticosteroid Hormone Receptor Agonists [MoA]",,0,,,,
47,68012-258,PRESCRIPTION,CYCLOSET,bromocriptine mesylate,TABLET,ORAL,11/15/2010,0000-00-00,"Santarus, Inc.",BROMOCRIPTINE MESYLATE,0.8,mg/1,"Ergolines [Chemical/Ingredient],Ergot Derivative [EPC]",,0,,,,
48,0186-1988,PRESCRIPTION,PULMICORT RESPULES,Budesonide,SUSPENSION,RESPIRATORY (INHALATION),9/8/2000,0000-00-00,AstraZeneca Pharmaceuticals LP,BUDESONIDE,0.25,mg/2mL,"Corticosteroid [EPC],Corticosteroid Hormone Receptor Agonists [MoA]",,0,,,,
49,0186-0370,PRESCRIPTION,SYMBICORT,Budesonide and Formoterol Fumarate Dihydrate,AEROSOL,RESPIRATORY (INHALATION),5/29/2007,0000-00-00,AstraZeneca LP,BUDESONIDE; FORMOTEROL FUMARATE,160; 4.5,ug/1; ug/1,"Corticosteroid [EPC],Corticosteroid Hormone Receptor Agonists [MoA],Adrenergic beta2-Agonists [MoA],beta2-Adrenergic Agonist [EPC]",,0,,,,
50,12496-1202,PRESCRIPTION,Suboxone,"buprenorphine hydrochloride, naloxone hydrochloride","FILM, SOLUBLE",BUCCAL; SUBLINGUAL,9/13/2010,0000-00-00,Indivior Inc.,BUPRENORPHINE HYDROCHLORIDE; NALOXONE HYDROCHLORIDE,2; .5,mg/1; mg/1,"Partial Opioid Agonist [EPC],Partial Opioid Agonists [MoA],Opioid Antagonist [EPC],Opioid Antagonists [MoA]",CIII,0,,,,
51,0173-0178,PRESCRIPTION,WELLBUTRIN,bupropion hydrochloride,"TABLET, FILM COATED",ORAL,6/21/1989,11/30/2016,GlaxoSmithKline LLC,BUPROPION HYDROCHLORIDE,100,mg/1,"Aminoketone [EPC],Dopamine Uptake Inhibitors [MoA],Increased Dopamine Activity [PE],Increased Norepinephrine Activity [PE],Norepinephrine Uptake Inhibitors [MoA]",,0,,,,
52,54868-4935,PRESCRIPTION,WELLBUTRIN XL,bupropion hydrochloride,"TABLET, EXTENDED RELEASE",ORAL,10/8/2003,0000-00-00,"Physicians Total Care, Inc.",BUPROPION HYDROCHLORIDE,300,mg/1,"Aminoketone [EPC],Dopamine Uptake Inhibitors [MoA],Increased Dopamine Activity [PE],Increased Norepinephrine Activity [PE],Norepinephrine Uptake Inhibitors [MoA]",,0,,,,
53,0093-0053,PRESCRIPTION,Buspirone Hydrochloride,Buspirone Hydrochloride,TABLET,ORAL,2/28/2002,0000-00-00,"Teva Pharmaceuticals USA, Inc.",BUSPIRONE HYDROCHLORIDE,5,mg/1,,,0,,,,
54,55154-3416,PRESCRIPTION,Fioricet,"Butalbital, Acetaminophen, and Caffeine",TABLET,ORAL,11/9/1984,0000-00-00,Cardinal Health,BUTALBITAL; ACETAMINOPHEN; CAFFEINE,50; 325; 40,mg/1; mg/1; mg/1,"Barbiturate [EPC],Barbiturates [Chemical/Ingredient],Central Nervous System Stimulant [EPC],Central Nervous System Stimulation [PE],Methylxanthine [EPC],Xanthines [Chemical/Ingredient]",,0,,,,
55,0078-0509,PRESCRIPTION,Tegretol,carbamazepine,TABLET,ORAL,3/11/1968,0000-00-00,Novartis Pharmaceuticals Corporation,CARBAMAZEPINE,200,mg/1,"Decreased Central Nervous System Disorganized Electrical Activity [PE],Mood Stabilizer [EPC],Cytochrome P450 3A4 Inducers [MoA],Cytochrome P450 1A2 Inducers [MoA],Cytochrome P450 2B6 Inducers [MoA],Cytochrome P450 2C9 Inducers [MoA],Cytochrome P450 2C19 Inducers [MoA]",,0,,,,
56,0006-3915,PRESCRIPTION,SINEMET,carbidopa and levodopa,TABLET,ORAL,5/2/1975,0000-00-00,Merck Sharp & Dohme Corp.,CARBIDOPA; LEVODOPA,10; 100,mg/1; mg/1,"Aromatic Amino Acid Decarboxylation Inhibitor [EPC],DOPA Decarboxylase Inhibitors [MoA]",,0,,,,
57,0037-2001,PRESCRIPTION,Soma,Carisoprodol,TABLET,ORAL,7/1/1959,0000-00-00,Meda Pharmaceuticals Inc.,CARISOPRODOL,350,mg/1,"Centrally-mediated Muscle Relaxation [PE],Muscle Relaxant [EPC]",CIV,0,,,,
58,0007-4139,PRESCRIPTION,COREG,carvedilol,"TABLET, FILM COATED",ORAL,6/3/1997,0000-00-00,GlaxoSmithKline LLC,CARVEDILOL,3.125,mg/1,"Adrenergic alpha-Antagonists [MoA],Adrenergic beta1-Antagonists [MoA],Adrenergic beta2-Antagonists [MoA],alpha-Adrenergic Blocker [EPC],beta-Adrenergic Blocker [EPC]",,0,,,,
59,55154-3621,PRESCRIPTION,CELEBREX,Celecoxib,CAPSULE,ORAL,10/2/1998,0000-00-00,Cardinal Health,CELECOXIB,100,mg/1,"Cyclooxygenase Inhibitors [MoA],Nonsteroidal Anti-inflammatory Compounds [Chemical/Ingredient],Nonsteroidal Anti-inflammatory Drug [EPC]",,0,,,,
60,59630-112,PRESCRIPTION,Keflex,cephalexin,CAPSULE,ORAL,1/4/1971,0000-00-00,Shionogi Inc.,CEPHALEXIN,250,mg/1,"Cephalosporin Antibacterial [EPC],Cephalosporins [Chemical/Ingredient]",,0,,,,
61,48878-0620,PRESCRIPTION,Peridex,chlorhexidine gluconate,RINSE,ORAL,8/13/1986,0000-00-00,3M ESPE Dental Products,CHLORHEXIDINE GLUCONATE,1.2,mg/mL,Decreased Cell Wall Integrity [PE],,0,,,,
62,50419-754,PRESCRIPTION,Cipro,ciprofloxacin hydrochloride,"TABLET, FILM COATED",ORAL,10/22/1987,0000-00-00,Bayer HealthCare Pharmaceuticals Inc.,CIPROFLOXACIN HYDROCHLORIDE,500,mg/1,"Quinolone Antimicrobial [EPC],Quinolones [Chemical/Ingredient]",,0,,,,
63,0065-8533,PRESCRIPTION,CIPRODEX,ciprofloxacin and dexamethasone,SUSPENSION/ DROPS,AURICULAR (OTIC),8/4/2003,0000-00-00,"Alcon Laboratories, Inc.",CIPROFLOXACIN HYDROCHLORIDE; DEXAMETHASONE,3; 1,mg/mL; mg/mL,"Quinolone Antimicrobial [EPC],Quinolones [Chemical/Ingredient],Corticosteroid [EPC],Corticosteroid Hormone Receptor Agonists [MoA]",,0,,,,
64,0456-4010,PRESCRIPTION,Celexa,citalopram hydrobromide,"TABLET, FILM COATED",ORAL,7/17/1998,0000-00-00,"Allergan USA, Inc.",CITALOPRAM HYDROBROMIDE,10,mg/1,"Serotonin Reuptake Inhibitor [EPC],Serotonin Uptake Inhibitors [MoA]",,0,,,,
65,0074-2586,PRESCRIPTION,Biaxin,Clarithromycin,"TABLET, FILM COATED",ORAL,10/31/1991,0000-00-00,AbbVie Inc.,CLARITHROMYCIN,500,mg/1,"Macrolide Antimicrobial [EPC],Macrolides [Chemical/Ingredient],Cytochrome P450 3A4 Inhibitors [MoA],Cytochrome P450 3A Inhibitors [MoA],P-Glycoprotein Inhibitors [MoA]",,0,,,,
66,59762-3328,PRESCRIPTION,clindamycin hydrochloride,clindamycin hydrochloride,CAPSULE,ORAL,5/22/1970,0000-00-00,Greenstone LLC,CLINDAMYCIN HYDROCHLORIDE,150,mg/1,"Decreased Sebaceous Gland Activity [PE],Lincosamide Antibacterial [EPC],Lincosamides [Chemical/Ingredient]",,0,,,,
67,0004-0058,PRESCRIPTION,Klonopin,Clonazepam,TABLET,ORAL,6/2/1975,0000-00-00,"Genentech, Inc.",CLONAZEPAM,1,mg/1,"Benzodiazepine [EPC],Benzodiazepines [Chemical/Ingredient]",CIV,0,,,,
68,0597-0006,PRESCRIPTION,Catapres,clonidine hydrochloride,TABLET,ORAL,5/1/1999,0000-00-00,Boehringer Ingelheim Pharmaceuticals Inc.,CLONIDINE HYDROCHLORIDE,0.1,mg/1,"Adrenergic alpha2-Agonists [MoA],Central alpha-2 Adrenergic Agonist [EPC]",,0,,,,
69,63653-1171,PRESCRIPTION,Plavix,clopidogrel bisulfate,"TABLET, FILM COATED",ORAL,1/1/1900,0000-00-00,Bristol-Myers Squibb/Sanofi Pharmaceuticals Partnership,CLOPIDOGREL BISULFATE,75,mg/1,"Decreased Platelet Aggregation [PE],P2Y12 Platelet Inhibitor [EPC],P2Y12 Receptor Antagonists [MoA]",,0,,,,
70,51672-1275,PRESCRIPTION,Clotrimazole,Clotrimazole,CREAM,TOPICAL,8/31/1993,0000-00-00,"Taro Pharmaceuticals U.S.A., Inc.",CLOTRIMAZOLE,10,mg/g,"Azole Antifungal [EPC],Azoles [Chemical/Ingredient]",,0,,,,
71,0603-1075,PRESCRIPTION,Cheratussin AC,codeine phosphate and guaifenesin,LIQUID,ORAL,9/1/1996,0000-00-00,Qualitest Pharmaceuticals,CODEINE PHOSPHATE; GUAIFENESIN,10; 100,mg/5mL; mg/5mL,,CV,0,,,,
72,0597-0135,PRESCRIPTION,Pradaxa,dabigatran etexilate mesylate,CAPSULE,ORAL,10/26/2010,0000-00-00,Boehringer Ingelheim Pharmaceuticals Inc.,DABIGATRAN ETEXILATE MESYLATE,150,mg/1,,,0,,,,
73,0075-2450,PRESCRIPTION,DDAVP,Desmopressin Acetate,SOLUTION,NASAL,2/21/1978,0000-00-00,sanofi-aventis U.S. LLC,DESMOPRESSIN ACETATE,0.1,mg/mL,"Factor VIII Activator [EPC],Increased Coagulation Factor VIII Activity [PE],Increased Coagulation Factor VIII Concentration [PE],Vasopressin Analog [EPC],Vasopressins [Chemical/Ingredient]",,0,,,,
74,0008-1211,PRESCRIPTION,Pristiq,desvenlafaxine succinate,"TABLET, EXTENDED RELEASE",ORAL,5/1/2008,0000-00-00,"Wyeth Pharmaceuticals Inc., a subsidiary of Pfizer Inc.",DESVENLAFAXINE SUCCINATE,50,mg/1,"Norepinephrine Uptake Inhibitors [MoA],Serotonin and Norepinephrine Reuptake Inhibitor [EPC],Serotonin Uptake Inhibitors [MoA],Cytochrome P450 2D6 Inhibitors [MoA]",,0,,,,
75,0054-4182,PRESCRIPTION,Dexamethasone,Dexamethasone,TABLET,ORAL,5/19/1975,0000-00-00,West-Ward Pharmaceuticals Corp.,DEXAMETHASONE,1.5,mg/1,"Corticosteroid [EPC],Corticosteroid Hormone Receptor Agonists [MoA]",,0,,,,
76,0078-0381,PRESCRIPTION,Focalin,dexmethylphenidate hydrochloride,TABLET,ORAL,11/30/2001,0000-00-00,Novartis Pharmaceuticals Corporation,DEXMETHYLPHENIDATE HYDROCHLORIDE,5,mg/1,"Central Nervous System Stimulant [EPC],Central Nervous System Stimulation [PE]",CII,0,,,,
77,57844-110,PRESCRIPTION,Adderall,"Dextroamphetamine Saccharate, Amphetamine Aspartate, Dextroamphetamine Sulfate, and Amphetamine Sulfate",TABLET,ORAL,2/3/2014,0000-00-00,Teva Select Brands,DEXTROAMPHETAMINE SACCHARATE; AMPHETAMINE ASPARTATE MONOHYDRATE; DEXTROAMPHETAMINE SULFATE; AMPHETAMINE SULFATE,2.5; 2.5; 2.5; 2.5,mg/1; mg/1; mg/1; mg/1,"Central Nervous System Stimulant [EPC],Central Nervous System Stimulation [PE],Central Nervous System Stimulant [EPC],Central Nervous System Stimulation [PE],Central Nervous System Stimulant [EPC],Central Nervous System Stimulation [PE],Central Nervous System Stimulant [EPC],Central Nervous System Stimulation [PE]",CII,0,,,,
78,52054-512,PRESCRIPTION,DEXEDRINE,dextroamphetamine sulfate,"CAPSULE, EXTENDED RELEASE",ORAL,8/2/1976,0000-00-00,Amedra Pharmaceuticals LLC,DEXTROAMPHETAMINE SULFATE,5,mg/1,"Central Nervous System Stimulant [EPC],Central Nervous System Stimulation [PE]",CII,0,,,,
79,0140-0004,PRESCRIPTION,Valium,diazepam,TABLET,ORAL,11/15/1963,0000-00-00,"Genentech, Inc.",DIAZEPAM,2,mg/1,"Benzodiazepine [EPC],Benzodiazepines [Chemical/Ingredient]",CIV,0,,,,
80,0378-6155,PRESCRIPTION,DIGITEK,digoxin,TABLET,ORAL,11/17/2014,0000-00-00,Mylan Pharmaceuticals Inc.,DIGOXIN,0.125,mg/1,"Cardiac Glycoside [EPC],Cardiac Glycosides [Chemical/Ingredient]",,0,,,,
81,0378-0023,PRESCRIPTION,Cardizem,diltiazem hydrochloride,"TABLET, FILM COATED",ORAL,3/16/1992,0000-00-00,Mylan Pharmaceuticals Inc.,DILTIAZEM HYDROCHLORIDE,30,mg/1,"Calcium Channel Antagonists [MoA],Calcium Channel Blocker [EPC]",,0,,,,
82,0187-0797,PRESCRIPTION,Cardizem CD,Diltiazem Hydrochloride,"CAPSULE, COATED, EXTENDED RELEASE",ORAL,4/11/2001,0000-00-00,Valeant Pharmaceuticals North America LLC,DILTIAZEM HYDROCHLORIDE,240,mg/1,"Calcium Channel Antagonists [MoA],Calcium Channel Blocker [EPC]",,0,,,,
83,0025-0061,PRESCRIPTION,Lomotil,diphenoxylate hydrochloride and atropine sulfate,TABLET,ORAL,9/15/1960,0000-00-00,G.D. Searle LLC Division of Pfizer Inc,DIPHENOXYLATE HYDROCHLORIDE; ATROPINE SULFATE,2.5; .025,mg/1; mg/1,"Antidiarrheal [EPC],Anticholinergic [EPC],Cholinergic Antagonists [MoA],Cholinergic Muscarinic Antagonist [EPC],Cholinergic Muscarinic Antagonists [MoA]",CV,0,,,,
84,0074-6212,PRESCRIPTION,Depakote DR,Divalproex Sodium,"TABLET, DELAYED RELEASE",ORAL,3/10/1983,0000-00-00,AbbVie Inc.,DIVALPROEX SODIUM,125,mg/1,"Anti-epileptic Agent [EPC],Decreased Central Nervous System Disorganized Electrical Activity [PE],Mood Stabilizer [EPC]",,0,,,,
85,0074-3826,PRESCRIPTION,Depakote ER,Divalproex Sodium,"TABLET, EXTENDED RELEASE",ORAL,8/4/2000,0000-00-00,AbbVie Inc.,DIVALPROEX SODIUM,250,mg/1,"Anti-epileptic Agent [EPC],Decreased Central Nervous System Disorganized Electrical Activity [PE],Mood Stabilizer [EPC]",,0,,,,
86,62856-245,PRESCRIPTION,Aricept,donepezil hydrochloride,"TABLET, FILM COATED",ORAL,11/25/1996,0000-00-00,Eisai Inc.,DONEPEZIL HYDROCHLORIDE,5,mg/1,"Cholinesterase Inhibitor [EPC],Cholinesterase Inhibitors [MoA]",,0,,,,
87,0049-2750,PRESCRIPTION,Cardura,doxazosin mesylate,TABLET,ORAL,11/2/1990,0000-00-00,Roerig,DOXAZOSIN MESYLATE,1,mg/1,"Adrenergic alpha-Antagonists [MoA],alpha-Adrenergic Blocker [EPC]",,0,,,,
88,51079-438,PRESCRIPTION,Doxepin Hydrochloride,doxepin hydrochloride,CAPSULE,ORAL,5/28/1998,0000-00-00,Mylan Institutional Inc.,DOXEPIN HYDROCHLORIDE,50,mg/1,Tricyclic Antidepressant [EPC],,0,,,,
89,16110-259,PRESCRIPTION,Monodox,doxycycline,CAPSULE,ORAL,12/29/1989,0000-00-00,"Aqua Pharmaceuticals, LLC",DOXYCYCLINE,100,mg/1,,,0,,,,
90,0069-0950,PRESCRIPTION,Vibramycin Hyclate,doxycycline hyclate,CAPSULE,ORAL,12/5/1967,0000-00-00,Pfizer Laboratories Div Pfizer Inc,DOXYCYCLINE HYCLATE,100,mg/1,,,0,,,,
91,0002-1434,PRESCRIPTION,Trulicity,Dulaglutide,"INJECTION, SOLUTION",SUBCUTANEOUS,11/7/2014,0000-00-00,Eli Lilly and Company,DULAGLUTIDE,1.5,mg/.5mL,"GLP-1 Receptor Agonist [EPC],Glucagon-Like Peptide 1 [Chemical/Ingredient],Glucagon-like Peptide-1 (GLP-1) Agonists [MoA]",,0,,,,
92,0002-3240,PRESCRIPTION,Cymbalta,Duloxetine hydrochloride,"CAPSULE, DELAYED RELEASE",ORAL,8/24/2004,0000-00-00,Eli Lilly and Company,DULOXETINE HYDROCHLORIDE,30,mg/1,"Norepinephrine Uptake Inhibitors [MoA],Serotonin and Norepinephrine Reuptake Inhibitor [EPC],Serotonin Uptake Inhibitors [MoA]",,0,,,,
93,0075-0621,PRESCRIPTION,Lovenox,enoxaparin sodium,INJECTION,INTRAVENOUS; SUBCUTANEOUS,3/29/1993,0000-00-00,sanofi-aventis U.S. LLC,ENOXAPARIN SODIUM,60,mg/.6mL,"Heparin, Low-Molecular-Weight [Chemical/Ingredient],Low Molecular Weight Heparin [EPC]",,0,,,,
94,49502-500,PRESCRIPTION,EPIPEN,epinephrine,INJECTION,INTRAMUSCULAR,12/22/1987,0000-00-00,Mylan Specialty L.P.,EPINEPHRINE,0.3,mg/.3mL,"Adrenergic alpha-Agonists [MoA],Adrenergic beta-Agonists [MoA],alpha-Adrenergic Agonist [EPC],beta-Adrenergic Agonist [EPC],Catecholamine [EPC],Catecholamines [Chemical/Ingredient]",,0,,,,
95,49502-501,PRESCRIPTION,EPIPEN JR,epinephrine,INJECTION,INTRAMUSCULAR,12/22/1987,0000-00-00,Mylan Specialty L.P.,EPINEPHRINE,0.15,mg/.3mL,"Adrenergic alpha-Agonists [MoA],Adrenergic beta-Agonists [MoA],alpha-Adrenergic Agonist [EPC],beta-Adrenergic Agonist [EPC],Catecholamine [EPC],Catecholamines [Chemical/Ingredient]",,0,,,,
96,52054-804,PRESCRIPTION,Adrenaclick,Epinephrine,INJECTION,SUBCUTANEOUS,11/25/2009,0000-00-00,Amedra Pharmaceuticals LLC,EPINEPHRINE,0.3,mg/.3mL,"Adrenergic alpha-Agonists [MoA],Adrenergic beta-Agonists [MoA],alpha-Adrenergic Agonist [EPC],beta-Adrenergic Agonist [EPC],Catecholamine [EPC],Catecholamines [Chemical/Ingredient]",,0,,,,
97,0173-0517,PRESCRIPTION,FLOLAN,epoprostenol sodium,"INJECTION, POWDER, LYOPHILIZED, FOR SOLUTION",INTRAVENOUS,12/8/1995,0000-00-00,GlaxoSmithKline LLC,EPOPROSTENOL SODIUM,0.5,mg/1,"Prostacycline Vasodilator [EPC],Prostaglandins I [Chemical/Ingredient],Vasodilation [PE]",,0,,,,
98,55154-7850,PRESCRIPTION,Erythromycin,Erythromycin,OINTMENT,OPHTHALMIC,7/29/1994,0000-00-00,Cardinal Health,ERYTHROMYCIN,5,mg/g,"Decreased Sebaceous Gland Activity [PE],Macrolide [EPC],Macrolide Antimicrobial [EPC],Macrolides [Chemical/Ingredient]",,0,,,,
99,0456-2005,PRESCRIPTION,Lexapro,ESCITALOPRAM OXALATE,"TABLET, FILM COATED",ORAL,8/14/2002,0000-00-00,"Allergan, Inc.",ESCITALOPRAM OXALATE,5,mg/1,"Serotonin Reuptake Inhibitor [EPC],Serotonin Uptake Inhibitors [MoA]",,0,,,,
100,0186-5022,PRESCRIPTION,NEXIUM,Esomeprazole magnesium,"CAPSULE, DELAYED RELEASE",ORAL,3/19/2001,0000-00-00,AstraZeneca Pharmaceuticals LP,ESOMEPRAZOLE MAGNESIUM,20,mg/1,"Proton Pump Inhibitor [EPC],Proton Pump Inhibitors [MoA],Cytochrome P450 2C19 Inhibitors [MoA]",,0,,,,
101,63629-3142,PRESCRIPTION,Lunesta,ESZOPICLONE,"TABLET, COATED",ORAL,4/4/2005,0000-00-00,Bryant Ranch Prepack,ESZOPICLONE,3,mg/1,,CIV,0,,,,
102,66582-414,PRESCRIPTION,Zetia,Ezetimibe,TABLET,ORAL,10/25/2002,0000-00-00,Merck Sharp & Dohme Corp.,EZETIMIBE,10,mg/1,"Decreased Cholesterol Absorption [PE],Dietary Cholesterol Absorption Inhibitor [EPC]",,0,,,,
103,0078-0366,PRESCRIPTION,Famvir,famciclovir,"TABLET, FILM COATED",ORAL,6/29/1994,0000-00-00,Novartis Pharmaceuticals Corporation,FAMCICLOVIR,125,mg/1,"DNA Polymerase Inhibitors [MoA],Herpesvirus Nucleoside Analog DNA Polymerase Inhibitor [EPC],Nucleoside Analog [Chemical/Ingredient]",,0,,,,
104,55289-473,PRESCRIPTION,PEPCID,famotidine,"TABLET, FILM COATED",ORAL,10/15/1986,0000-00-00,"PD-Rx Pharmaceuticals, Inc.",FAMOTIDINE,20,mg/1,"Histamine H2 Receptor Antagonists [MoA],Histamine-2 Receptor Antagonist [EPC]",,0,,,,
105,50458-090,PRESCRIPTION,DURAGESIC,fentanyl,PATCH,TRANSDERMAL,8/7/1990,0000-00-00,"Janssen Pharmaceuticals, Inc.",FENTANYL,12.5,ug/h,"Full Opioid Agonists [MoA],Opioid Agonist [EPC]",CII,0,,,,
106,0006-0072,PRESCRIPTION,PROSCAR,FINASTERIDE,"TABLET, FILM COATED",ORAL,6/19/1992,0000-00-00,Merck Sharp & Dohme Corp.,FINASTERIDE,5,mg/1,"5-alpha Reductase Inhibitor [EPC],5-alpha Reductase Inhibitors [MoA]",,0,,,,
107,0555-0859,PRESCRIPTION,Flecainide Acetate,Flecainide Acetate,TABLET,ORAL,11/18/2002,7/31/2017,Barr Laboratories Inc.,FLECAINIDE ACETATE,50,mg/1,Antiarrhythmic [EPC],,0,,,,
108,0049-3500,PRESCRIPTION,Diflucan,fluconazole,TABLET,ORAL,1/29/1990,0000-00-00,Roerig,FLUCONAZOLE,150,mg/1,"Azole Antifungal [EPC],Azoles [Chemical/Ingredient],Cytochrome P450 2C19 Inhibitors [MoA],Cytochrome P450 3A4 Inhibitors [MoA],Cytochrome P450 2C9 Inhibitors [MoA]",,0,,,,
109,0002-3004,PRESCRIPTION,Prozac,Fluoxetine hydrochloride,"CAPSULE, DELAYED RELEASE",ORAL,3/16/2001,0000-00-00,Eli Lilly and Company,FLUOXETINE HYDROCHLORIDE,90,mg/1,"Serotonin Reuptake Inhibitor [EPC],Serotonin Uptake Inhibitors [MoA]",,0,,,,
110,54868-2314,PRESCRIPTION,Folic Acid,Folic Acid,TABLET,ORAL,9/27/1995,0000-00-00,"Physicians Total Care, Inc.",FOLIC ACID,1,mg/1,,,0,,,,
111,0039-0060,PRESCRIPTION,Lasix,furosemide,TABLET,ORAL,7/1/1966,0000-00-00,Sanofi-Aventis U.S. LLC,FUROSEMIDE,40,mg/1,"Increased Diuresis at Loop of Henle [PE],Loop Diuretic [EPC]",,0,,,,
112,55154-2415,PRESCRIPTION,Neurontin,gabapentin,CAPSULE,ORAL,12/30/1993,0000-00-00,Cardinal Health,GABAPENTIN,300,mg/1,"Anti-epileptic Agent [EPC],Decreased Central Nervous System Disorganized Electrical Activity [PE]",,0,,,,
113,0093-7255,PRESCRIPTION,AMARYL,Glimepiride,TABLET,ORAL,10/6/2005,0000-00-00,Teva Pharmaceuticals USA Inc,GLIMEPIRIDE,2,mg/1,"Sulfonylurea [EPC],Sulfonylurea Compounds [Chemical/Ingredient]",,0,,,,
114,0049-4110,PRESCRIPTION,Glucotrol,glipizide,TABLET,ORAL,5/8/1984,0000-00-00,Roerig,GLIPIZIDE,5,mg/1,"Sulfonylurea [EPC],Sulfonylurea Compounds [Chemical/Ingredient]",,0,,,,
115,54868-3335,PRESCRIPTION,Glucotrol XL,glipizide,"TABLET, EXTENDED RELEASE",ORAL,8/1/1994,0000-00-00,"Physicians Total Care, Inc.",GLIPIZIDE,5,mg/1,"Sulfonylurea [EPC],Sulfonylurea Compounds [Chemical/Ingredient]",,0,,,,
116,67857-705,PRESCRIPTION,TENEX,guanfacine hydrochloride,TABLET,ORAL,10/27/1986,0000-00-00,"Promius Pharma, LLC",GUANFACINE HYDROCHLORIDE,1,mg/1,"Adrenergic alpha2-Agonists [MoA],Central alpha-2 Adrenergic Agonist [EPC]",,0,,,,
117,49884-027,PRESCRIPTION,Hydralazine Hydrochloride,Hydralazine Hydrochloride,TABLET,ORAL,2/27/1980,0000-00-00,"Par Pharmaceutical, Inc.",HYDRALAZINE HYDROCHLORIDE,25,mg/1,"Arteriolar Vasodilation [PE],Arteriolar Vasodilator [EPC]",,0,,,,
118,0172-2089,PRESCRIPTION,Hydrochlorothiazide,Hydrochlorothiazide,TABLET,ORAL,1/7/1980,0000-00-00,"Teva Pharmaceuticals USA, Inc.",HYDROCHLOROTHIAZIDE,50,mg/1,"Increased Diuresis [PE],Thiazide Diuretic [EPC],Thiazides [Chemical/Ingredient]",,0,,,,
119,0074-3041,PRESCRIPTION,Vicodin,Hydrocodone Bitartrate and Acetaminophen,TABLET,ORAL,9/10/2012,0000-00-00,AbbVie Inc.,HYDROCODONE BITARTRATE; ACETAMINOPHEN,5; 300,mg/1; mg/1,"Opioid Agonist [EPC],Opioid Agonists [MoA]",CII,0,,,,
120,52544-913,PRESCRIPTION,Norco,Hydrocodone Bitartate and Acetaminophen,TABLET,ORAL,6/25/1997,0000-00-00,"Actavis Pharma, Inc.",HYDROCODONE BITARTRATE; ACETAMINOPHEN,5; 325,mg/1; mg/1,"Opioid Agonist [EPC],Opioid Agonists [MoA]",CII,0,,,,
121,0009-0031,PRESCRIPTION,CORTEF,hydrocortisone,TABLET,ORAL,12/15/1952,0000-00-00,Pharmacia and Upjohn Company LLC,HYDROCORTISONE,10,mg/1,"Corticosteroid [EPC],Corticosteroid Hormone Receptor Agonists [MoA]",,0,,,,
122,55154-1610,PRESCRIPTION,Dilaudid,hydromorphone hydrochloride,TABLET,ORAL,1/1/1926,0000-00-00,Cardinal Health,HYDROMORPHONE HYDROCHLORIDE,4,mg/1,"Full Opioid Agonists [MoA],Opioid Agonist [EPC]",CII,0,,,,
123,0024-1562,PRESCRIPTION,Plaquenil,Hydroxychloroquine Sulfate,"TABLET, FILM COATED",ORAL,4/18/1955,0000-00-00,sanofi-aventis U.S. LLC,HYDROXYCHLOROQUINE SULFATE,200,mg/1,Antirheumatic Agent [EPC],,0,,,,
124,0003-0830,PRESCRIPTION,HYDREA,HYDROXYUREA,CAPSULE,ORAL,6/1/2009,0000-00-00,"E.R. Squibb & Sons, L.L.C.",HYDROXYUREA,500,mg/1,"Antimetabolite [EPC],Urea [Chemical/Ingredient]",,0,,,,
125,0004-0186,PRESCRIPTION,Boniva,ibandronate sodium,"TABLET, FILM COATED",ORAL,7/15/2002,0000-00-00,"Genentech, Inc.",IBANDRONATE SODIUM,150,mg/1,"Bisphosphonate [EPC],Diphosphonates [Chemical/Ingredient]",,0,,,,
126,0088-2220,PRESCRIPTION,Lantus,insulin glargine,"INJECTION, SOLUTION",SUBCUTANEOUS,9/23/2009,0000-00-00,sanofi-aventis U.S. LLC,INSULIN GLARGINE,100,[iU]/mL,"Insulin [Chemical/Ingredient],Insulin Analog [EPC]",,0,,,,
127,0002-7510,PRESCRIPTION,Humalog,Insulin lispro,"INJECTION, SOLUTION",INTRAVENOUS; SUBCUTANEOUS,6/14/1996,0000-00-00,Eli Lilly and Company,INSULIN LISPRO,100,[iU]/mL,"Insulin [Chemical/Ingredient],Insulin Analog [EPC]",,0,,,,
128,0597-0081,PRESCRIPTION,Atrovent,IPRATROPIUM BROMIDE,"SPRAY, METERED",NASAL,1/1/1996,0000-00-00,"Boehringer Ingelheim Pharmaceuticals, Inc.",IPRATROPIUM BROMIDE,21,ug/1,"Anticholinergic [EPC],Cholinergic Antagonists [MoA]",,0,,,,
129,55154-2026,PRESCRIPTION,AVAPRO,IRBESARTAN,TABLET,ORAL,9/30/1997,0000-00-00,Cardinal Health,IRBESARTAN,150,mg/1,"Angiotensin 2 Receptor Antagonists [MoA],Angiotensin 2 Receptor Blocker [EPC]",,0,,,,
130,50458-680,PRESCRIPTION,Nizoral,ketoconazole,SHAMPOO,TOPICAL,8/31/1990,0000-00-00,"Janssen Pharmaceuticals, Inc.",KETOCONAZOLE,20,mg/mL,"Azole Antifungal [EPC],Azoles [Chemical/Ingredient],Cytochrome P450 3A4 Inhibitors [MoA],Cytochrome P450 3A5 Inhibitors [MoA],P-Glycoprotein Inhibitors [MoA]",,0,,,,
131,65483-391,PRESCRIPTION,Trandate,labetalol hydrochloride,TABLET,ORAL,5/31/1984,0000-00-00,Prometheus Laboratories Inc.,LABETALOL HYDROCHLORIDE,100,mg/1,"Adrenergic beta-Antagonists [MoA],beta-Adrenergic Blocker [EPC]",,0,,,,
132,0173-0642,PRESCRIPTION,LAMICTAL,lamotrigine,TABLET,ORAL,1/17/1995,0000-00-00,GlaxoSmithKline LLC,LAMOTRIGINE,100,mg/1,"Anti-epileptic Agent [EPC],Decreased Central Nervous System Disorganized Electrical Activity [PE],Mood Stabilizer [EPC]",,0,,,,
133,49999-480,PRESCRIPTION,Prevacid,lansoprazole,"CAPSULE, DELAYED RELEASE",ORAL,5/10/1995,0000-00-00,Lake Erie Medical & Surgical Supply DBA Quality Care Products LLC,LANSOPRAZOLE,30,mg/1,"Proton Pump Inhibitor [EPC],Proton Pump Inhibitors [MoA],Inhibition Gastric Acid Secretion [PE]",,0,,,,
134,0078-0249,PRESCRIPTION,Femara,letrozole,"TABLET, FILM COATED",ORAL,7/31/1997,0000-00-00,Novartis Pharmaceuticals Corporation,LETROZOLE,2.5,mg/1,"Aromatase Inhibitor [EPC],Aromatase Inhibitors [MoA]",,0,,,,
135,0555-0484,PRESCRIPTION,Leucovorin Calcium,Leucovorin Calcium,TABLET,ORAL,6/30/1990,0000-00-00,Barr Laboratories Inc.,LEUCOVORIN CALCIUM,5,mg/1,"Folate Analog [EPC],Folic Acid [Chemical/Ingredient],Analogs/Derivatives [Chemical/Ingredient]",,0,,,,
136,16590-134,PRESCRIPTION,KEPPRA,LEVETIRACETAM,"TABLET, FILM COATED",ORAL,4/24/2000,0000-00-00,STAT RX USA LLC,LEVETIRACETAM,500,mg/1,Decreased Central Nervous System Disorganized Electrical Activity [PE],,0,,,,
137,55154-1925,PRESCRIPTION,LEVAQUIN,levofloxacin,"TABLET, FILM COATED",ORAL,12/20/1996,0000-00-00,Cardinal Health,LEVOFLOXACIN,500,mg/1,"Quinolone Antimicrobial [EPC],Quinolones [Chemical/Ingredient]",,0,,,,
138,0074-4341,PRESCRIPTION,Synthroid,Levothyroxine Sodium,TABLET,ORAL,7/24/2002,0000-00-00,AbbVie Inc.,LEVOTHYROXINE SODIUM,25,ug/1,"l-Thyroxine [EPC],Thyroxine [Chemical/Ingredient]",,0,,,,
139,60793-116,PRESCRIPTION,Cytomel,liothyronine sodium,TABLET,ORAL,5/8/1956,0000-00-00,Pfizer Laboratories Div Pfizer Inc,LIOTHYRONINE SODIUM,25,ug/1,"l-Triiodothyronine [EPC],Triiodothyronine [Chemical/Ingredient]",,0,,,,
140,59417-102,PRESCRIPTION,Vyvanse,lisdexamfetamine dimesylate,CAPSULE,ORAL,12/10/2007,0000-00-00,Shire LLC,LISDEXAMFETAMINE DIMESYLATE,20,mg/1,"Central Nervous System Stimulant [EPC],Central Nervous System Stimulation [PE]",CII,0,,,,
141,0006-0019,PRESCRIPTION,PRINIVIL,lisinopril,TABLET,ORAL,12/29/1987,0000-00-00,Merck Sharp & Dohme Corp.,LISINOPRIL,5,mg/1,"Angiotensin Converting Enzyme Inhibitor [EPC],Angiotensin-converting Enzyme Inhibitors [MoA]",,0,,,,
142,0054-2527,PRESCRIPTION,Lithium Carbonate,Lithium Carbonate,"CAPSULE, GELATIN COATED",ORAL,11/26/1980,0000-00-00,West-Ward Pharmaceuticals Corp,LITHIUM CARBONATE,300,mg/1,Mood Stabilizer [EPC],,0,,,,
143,0378-2100,PRESCRIPTION,Loperamide Hydrochloride,loperamide hydrochloride,CAPSULE,ORAL,9/18/1991,0000-00-00,Mylan Pharmaceuticals Inc.,LOPERAMIDE HYDROCHLORIDE,2,mg/1,"Opioid Agonist [EPC],Opioid Agonists [MoA]",,0,,,,
144,0187-0064,PRESCRIPTION,Ativan,lorazepam,TABLET,ORAL,5/1/2013,0000-00-00,Valeant Pharmaceuticals North America LLC,LORAZEPAM,1,mg/1,"Benzodiazepine [EPC],Benzodiazepines [Chemical/Ingredient]",CIV,0,,,,
145,0006-0951,PRESCRIPTION,COZAAR,losartan potassium,"TABLET, FILM COATED",ORAL,4/14/1995,0000-00-00,Merck Sharp & Dohme Corp.,LOSARTAN POTASSIUM,25,mg/1,"Angiotensin 2 Receptor Antagonists [MoA],Angiotensin 2 Receptor Blocker [EPC]",,0,,,,
146,0049-2100,PRESCRIPTION,Antivert,MECLIZINE HYDROCHLORIDE,TABLET,ORAL,4/11/1997,0000-00-00,Roerig,MECLIZINE HYDROCHLORIDE,12.5,mg/1,"Antiemetic [EPC],Emesis Suppression [PE]",,0,,,,
147,0597-0029,PRESCRIPTION,Mobic,meloxicam,TABLET,ORAL,6/1/2000,0000-00-00,"Boehringer Ingelheim Pharmaceuticals, Inc.",MELOXICAM,7.5,mg/1,"Cyclooxygenase Inhibitors [MoA],Nonsteroidal Anti-inflammatory Compounds [Chemical/Ingredient],Nonsteroidal Anti-inflammatory Drug [EPC]",,0,,,,
148,55154-4615,PRESCRIPTION,Namenda,Memantine Hydrochloride,TABLET,ORAL,10/16/2003,0000-00-00,Cardinal Health,MEMANTINE HYDROCHLORIDE,10,mg/1,"NMDA Receptor Antagonists [MoA],N-methyl-D-aspartate Receptor Antagonist [EPC]",,0,,,,
149,0024-0335,PRESCRIPTION,Demerol,Meperidine Hydrochloride,TABLET,ORAL,11/10/1942,0000-00-00,sanofi-aventis U.S. LLC,MEPERIDINE HYDROCHLORIDE,50,mg/1,"Full Opioid Agonists [MoA],Opioid Agonist [EPC]",CII,0,,,,
150,0378-3547,PRESCRIPTION,Mercaptopurine,mercaptopurine,TABLET,ORAL,7/14/2005,0000-00-00,Mylan Pharmaceuticals Inc.,MERCAPTOPURINE,50,mg/1,"Nucleic Acid Synthesis Inhibitors [MoA],Nucleoside Metabolic Inhibitor [EPC]",,0,,,,
151,0093-1048,PRESCRIPTION,Metformin Hydrochloride,Metformin Hydrochloride,"TABLET, FILM COATED",ORAL,1/28/2002,0000-00-00,Teva Pharmaceuticals USA Inc,METFORMIN HYDROCHLORIDE,500,mg/1,"Biguanide [EPC],Biguanides [Chemical/Ingredient]",,0,,,,
152,0054-4218,PRESCRIPTION,DOLOPHINE,METHADONE HYDROCHLORIDE,TABLET,ORAL,8/13/1947,0000-00-00,West-Ward Pharmaceuticals Corp.,METHADONE HYDROCHLORIDE,5,mg/1,"Full Opioid Agonists [MoA],Opioid Agonist [EPC]",CII,0,,,,
153,60793-104,PRESCRIPTION,TAPAZOLE,methimazole,TABLET,ORAL,3/31/2000,0000-00-00,Pfizer Laboratories Div Pfizer Inc,METHIMAZOLE,5,mg/1,"Thyroid Hormone Synthesis Inhibitor [EPC],Thyroid Hormone Synthesis Inhibitors [MoA]",,0,,,,
154,42254-110,PRESCRIPTION,METHOTREXATE,METHOTREXATE,TABLET,ORAL,12/7/1953,0000-00-00,Rebel Distributors Corp,METHOTREXATE SODIUM,2.5,mg/1,"Folate Analog Metabolic Inhibitor [EPC],Folic Acid Metabolism Inhibitors [MoA]",,0,,,,
155,0078-0439,PRESCRIPTION,Ritalin,methylphenidate hydrochloride,TABLET,ORAL,12/31/1955,0000-00-00,Novartis Pharmaceuticals Corporation,METHYLPHENIDATE HYDROCHLORIDE,5,mg/1,"Central Nervous System Stimulant [EPC],Central Nervous System Stimulation [PE]",CII,0,,,,
156,50458-586,PRESCRIPTION,CONCERTA,Methylphenidate hydrochloride,"TABLET, EXTENDED RELEASE",ORAL,8/1/2000,0000-00-00,"Janssen Pharmaceuticals, Inc.",METHYLPHENIDATE HYDROCHLORIDE,36,mg/1,"Central Nervous System Stimulant [EPC],Central Nervous System Stimulation [PE]",CII,0,,,,
157,0009-0022,PRESCRIPTION,Medrol,methylprednisolone,TABLET,ORAL,10/24/1957,0000-00-00,Pharmacia and Upjohn Company LLC,METHYLPREDNISOLONE,8,mg/1,"Corticosteroid [EPC],Corticosteroid Hormone Receptor Agonists [MoA]",,0,,,,
158,0228-2269,PRESCRIPTION,Metoclopramide,Metoclopramide,TABLET,ORAL,10/17/1985,0000-00-00,Actavis Elizabeth LLC,METOCLOPRAMIDE HYDROCHLORIDE,10,mg/1,"Dopamine D2 Antagonists [MoA],Dopamine-2 Receptor Antagonist [EPC]",,0,,,,
159,63629-3636,PRESCRIPTION,TOPROL,Metoprolol succinate,"TABLET, EXTENDED RELEASE",ORAL,2/1/1992,0000-00-00,Bryant Ranch Prepack,METOPROLOL SUCCINATE,50,mg/1,"Adrenergic beta-Antagonists [MoA],beta-Adrenergic Blocker [EPC]",,0,,,,
160,0078-0400,PRESCRIPTION,Lopressor,metoprolol tartrate,TABLET,ORAL,1/15/1978,0000-00-00,Novartis Pharmaceuticals Corporation,METOPROLOL TARTRATE,50,mg/1,"Adrenergic beta-Antagonists [MoA],beta-Adrenergic Blocker [EPC]",,0,,,,
161,0025-1831,PRESCRIPTION,Flagyl,Metronidazole,"TABLET, FILM COATED",ORAL,7/18/1963,0000-00-00,G.D. Searle LLC Division of Pfizer Inc,METRONIDAZOLE,250,mg/1,"Nitroimidazole Antimicrobial [EPC],Nitroimidazoles [Chemical/Ingredient]",,0,,,,
162,16781-400,PRESCRIPTION,Minocin,minocycline hydrochloride,"CAPSULE, COATED PELLETS",ORAL,5/31/1990,0000-00-00,Onset Dermatologics LLC,MINOCYCLINE HYDROCHLORIDE,50,mg/1,"Tetracycline-class Drug [EPC],Tetracyclines [Chemical/Ingredient]",,0,,,,
163,0052-0105,PRESCRIPTION,REMERON,MIRTAZAPINE,"TABLET, FILM COATED",ORAL,6/14/1996,0000-00-00,Organon USA Inc.,MIRTAZAPINE,15,mg/1,,,0,,,,
164,55154-0975,PRESCRIPTION,PROVIGIL,modafinil,TABLET,ORAL,12/24/1998,0000-00-00,Cardinal Health,MODAFINIL,100,mg/1,"Central Nervous System Stimulation [PE],Increased Sympathetic Activity [PE],Sympathomimetic-like Agent [EPC]",CIV,0,,,,
165,0085-1288,PRESCRIPTION,NASONEX,Mometasone furoate monohydrate,"SPRAY, METERED",NASAL,10/1/1997,0000-00-00,Merck Sharp & Dohme Corp.,MOMETASONE FUROATE MONOHYDRATE,50,ug/1,"Corticosteroid [EPC],Corticosteroid Hormone Receptor Agonists [MoA],Corticosteroid Hormone Receptor Agonists [MoA]",,0,,,,
166,0006-1711,PRESCRIPTION,SINGULAIR,montelukast sodium,"TABLET, CHEWABLE",ORAL,2/20/1998,0000-00-00,Merck Sharp & Dohme Corp.,MONTELUKAST SODIUM,4,mg/1,"Leukotriene Receptor Antagonist [EPC],Leukotriene Receptor Antagonists [MoA]",,0,,,,
167,59011-260,PRESCRIPTION,MS Contin,morphine sulfate,"TABLET, FILM COATED, EXTENDED RELEASE",ORAL,7/1/1987,0000-00-00,Purdue Pharma LP,MORPHINE SULFATE,15,mg/1,"Full Opioid Agonists [MoA],Opioid Agonist [EPC]",CII,0,,,,
168,60793-800,PRESCRIPTION,CORGARD,nadolol,TABLET,ORAL,12/10/1979,0000-00-00,Pfizer Laboratories Div Pfizer Inc,NADOLOL,20,mg/1,"Adrenergic beta-Antagonists [MoA],beta-Adrenergic Blocker [EPC]",,0,,,,
169,0004-6202,PRESCRIPTION,Anaprox,naproxen sodium,TABLET,ORAL,9/4/1980,1/31/2017,"Genentech, Inc.",NAPROXEN SODIUM,275,mg/1,"Cyclooxygenase Inhibitors [MoA],Nonsteroidal Anti-inflammatory Compounds [Chemical/Ingredient],Nonsteroidal Anti-inflammatory Drug [EPC]",,0,,,,
170,0069-2600,PRESCRIPTION,Procardia,nifedipine,CAPSULE,ORAL,12/31/1981,0000-00-00,Pfizer Laboratories Div Pfizer Inc,NIFEDIPINE,10,mg/1,"Calcium Channel Antagonists [MoA],Dihydropyridine Calcium Channel Blocker [EPC],Dihydropyridines [Chemical/Ingredient]",,0,,,,
171,52427-286,PRESCRIPTION,Macrodantin,Nitrofurantoin macrocrystals,CAPSULE,ORAL,9/27/2010,0000-00-00,Almatica Pharma Inc.,NITROFURANTOIN,25,mg/1,"Nitrofuran Antibacterial [EPC],Nitrofurans [Chemical/Ingredient]",,0,,,,
172,52427-285,PRESCRIPTION,Macrobid,Nitrofurantoin Monohydrate/Macrocrystalline,CAPSULE,ORAL,5/31/2011,0000-00-00,Almatica Pharma Inc.,NITROFURANTOIN; NITROFURANTOIN MONOHYDRATE,25; 75,mg/1; mg/1,"Nitrofuran Antibacterial [EPC],Nitrofurans [Chemical/Ingredient],Nitrofuran Antibacterial [EPC],Nitrofurans [Chemical/Ingredient]",,0,,,,
173,21695-768,PRESCRIPTION,Nitrolingual,nitroglycerin,SPRAY,ORAL,10/31/1985,0000-00-00,Rebel Distributors Corp,NITROGLYCERIN,400,ug/1,"Nitrate Vasodilator [EPC],Nitrates [Chemical/Ingredient],Vasodilation [PE]",CIII,0,,,,
174,0574-2008,PRESCRIPTION,Nystop,Nystatin,POWDER,TOPICAL,8/16/1996,0000-00-00,"Paddock Laboratories, LLC",NYSTATIN,100000,[USP'U]/g,"Polyene Antifungal [EPC],Polyenes [Chemical/Ingredient]",,0,,,,
175,11980-779,PRESCRIPTION,OCUFLOX,ofloxacin,SOLUTION/ DROPS,OPHTHALMIC,8/1/1993,0000-00-00,"Allergan, Inc.",OFLOXACIN,3,mg/mL,"Quinolone Antimicrobial [EPC],Quinolones [Chemical/Ingredient]",,0,,,,
176,0002-4112,PRESCRIPTION,Zyprexa,Olanzapine,TABLET,ORAL,6/23/1997,0000-00-00,Eli Lilly and Company,OLANZAPINE,2.5,mg/1,Atypical Antipsychotic [EPC],,0,,,,
177,55154-6126,PRESCRIPTION,Benicar,olmesartan medoxomil,"TABLET, FILM COATED",ORAL,4/25/2002,0000-00-00,Cardinal Health,OLMESARTAN MEDOXOMIL,20,mg/1,"Angiotensin 2 Receptor Antagonists [MoA],Angiotensin 2 Receptor Blocker [EPC]",,0,,,,
178,0186-0606,PRESCRIPTION,PRILOSEC,Omeprazole magnesium,"CAPSULE, DELAYED RELEASE",ORAL,11/15/1995,0000-00-00,AstraZeneca Pharmaceuticals LP,OMEPRAZOLE MAGNESIUM,10,mg/1,"Proton Pump Inhibitor [EPC],Proton Pump Inhibitors [MoA],Cytochrome P450 2C19 Inhibitors [MoA]",,0,,,,
179,0173-0446,PRESCRIPTION,ZOFRAN,ondansetron hydrochloride,"TABLET, FILM COATED",ORAL,2/11/1993,0000-00-00,GlaxoSmithKline LLC,ONDANSETRON HYDROCHLORIDE,4,mg/1,"Serotonin 3 Receptor Antagonists [MoA],Serotonin-3 Receptor Antagonist [EPC]",,0,,,,
180,55154-1132,PRESCRIPTION,ZOFRAN ODT,ondansetron hydrochloride,"TABLET, ORALLY DISINTEGRATING",ORAL,1/27/1999,0000-00-00,Cardinal Health,ONDANSETRON HYDROCHLORIDE,4,mg/1,"Serotonin 3 Receptor Antagonists [MoA],Serotonin-3 Receptor Antagonist [EPC]",,0,,,,
181,0004-0800,PRESCRIPTION,Tamiflu,oseltamivir phosphate,CAPSULE,ORAL,10/27/1999,0000-00-00,"Genentech, Inc.",OSELTAMIVIR PHOSPHATE,75,mg/1,,,0,,,,
182,50458-805,PRESCRIPTION,Ditropan,oxybutynin chloride,"TABLET, EXTENDED RELEASE",ORAL,6/26/1999,0000-00-00,"Janssen Pharmaceuticals, Inc.",OXYBUTYNIN CHLORIDE,5,mg/1,"Cholinergic Muscarinic Antagonist [EPC],Cholinergic Muscarinic Antagonists [MoA]",,0,,,,
183,43063-245,PRESCRIPTION,OxyContin,oxycodone hydrochloride,"TABLET, FILM COATED, EXTENDED RELEASE",ORAL,12/1/1995,0000-00-00,"PD-Rx Pharmaceuticals, Inc.",OXYCODONE HYDROCHLORIDE,40,mg/1,"Full Opioid Agonists [MoA],Opioid Agonist [EPC]",CII,0,,,,
184,23635-581,PRESCRIPTION,Roxicodone,oxycodone hydrochloride,TABLET,ORAL,8/31/2000,0000-00-00,"Mallinckrodt, Inc",OXYCODONE HYDROCHLORIDE,15,mg/1,"Full Opioid Agonists [MoA],Opioid Agonist [EPC]",CII,0,,,,
185,63481-627,PRESCRIPTION,PERCOCET,oxycodone hydrochloride and acetaminophen,TABLET,ORAL,6/30/1999,0000-00-00,"Endo Pharmaceuticals, Inc.",OXYCODONE HYDROCHLORIDE; ACETAMINOPHEN,2.5; 325,mg/1; mg/1,"Full Opioid Agonists [MoA],Opioid Agonist [EPC]",CII,0,,,,
186,0008-0841,PRESCRIPTION,Protonix,PANTOPRAZOLE SODIUM,"TABLET, DELAYED RELEASE",ORAL,5/1/2000,0000-00-00,"Wyeth Pharmaceuticals Inc., a subsidiary of Pfizer Inc.",PANTOPRAZOLE SODIUM,40,mg/1,"Proton Pump Inhibitor [EPC],Proton Pump Inhibitors [MoA]",,0,,,,
187,54868-3526,PRESCRIPTION,PAXIL,paroxetine hydrochloride,"TABLET, FILM COATED",ORAL,7/10/1996,0000-00-00,"Physicians Total Care, Inc.",PAROXETINE HYDROCHLORIDE,30,mg/1,"Serotonin Reuptake Inhibitor [EPC],Serotonin Uptake Inhibitors [MoA]",,0,,,,
188,0093-1174,PRESCRIPTION,Penicillin V Potassium,Penicillin V Potassium,TABLET,ORAL,9/30/1990,0000-00-00,Teva Pharmaceuticals USA Inc,PENICILLIN V POTASSIUM,500,mg/1,"Penicillin-class Antibacterial [EPC],Penicillins [Chemical/Ingredient]",,0,,,,
189,64764-151,PRESCRIPTION,Actos,pioglitazone,TABLET,ORAL,7/15/1999,0000-00-00,"Takeda Pharmaceuticals America, Inc.",PIOGLITAZONE HYDROCHLORIDE,15,mg/1,"Peroxisome Proliferator Receptor alpha Agonist [EPC],Peroxisome Proliferator Receptor gamma Agonist [EPC],Peroxisome Proliferator-activated Receptor Activity [MoA],PPAR alpha [Chemical/Ingredient],PPAR gamma [Chemical/Ingredient],Thiazolidinedione [EPC],Thiazolidinediones [Chemical/Ingredient]",,0,,,,
190,54868-4233,PRESCRIPTION,NuLYTELY,"PEG-3350, sodium chloride, sodium bicarbonate and potassium chloride","POWDER, FOR SOLUTION",ORAL,7/19/2001,0000-00-00,"Physicians Total Care, Inc.",POLYETHYLENE GLYCOL 3350; SODIUM BICARBONATE; SODIUM CHLORIDE; POTASSIUM CHLORIDE,210; 2.86; 5.6; .74,g/2L; g/2L; g/2L; g/2L,"Osmotic Activity [MoA],Osmotic Laxative [EPC],Stimulation Large Intestine Fluid/Electrolyte Secretion [PE],Potassium Compounds [Chemical/Ingredient],Potassium Salt [EPC]",,0,,,,
191,52268-100,PRESCRIPTION,GoLYTELY,"Polyethylene Glycol 3350, Sodium Sulfate Anhydrous, Sodium Bicarbonate, Sodium Chloride, Potassium Chloride","POWDER, FOR SOLUTION",ORAL,7/13/1984,0000-00-00,"Braintree Laboratories, Inc.",POLYETHYLENE GLYCOL 3350; SODIUM SULFATE ANHYDROUS; SODIUM BICARBONATE; SODIUM CHLORIDE; POTASSIUM CHLORIDE,236; 22.74; 6.74; 5.86; 2.97,g/4L; g/4L; g/4L; g/4L; g/4L,"Potassium Compounds [Chemical/Ingredient],Potassium Salt [EPC],Osmotic Activity [MoA],Osmotic Laxative [EPC],Stimulation Large Intestine Fluid/Electrolyte Secretion [PE]",,0,,,,
192,55154-5609,PRESCRIPTION,Klor-Con,Potassium Chloride,"TABLET, FILM COATED, EXTENDED RELEASE",ORAL,4/17/1986,0000-00-00,Cardinal Health,POTASSIUM CHLORIDE,750,mg/1,"Potassium Compounds [Chemical/Ingredient],Potassium Salt [EPC]",,0,,,,
193,0597-0183,PRESCRIPTION,Mirapex,pramipexole dihydrochloride,TABLET,ORAL,1/1/2004,0000-00-00,"Boehringer Ingelheim Pharmaceuticals, Inc.",PRAMIPEXOLE DIHYDROCHLORIDE,0.125,mg/1,"Dopamine Agonists [MoA],Nonergot Dopamine Agonist [EPC]",,0,,,,
194,0002-5121,PRESCRIPTION,Effient,Prasugrel hydrochloride,"TABLET, FILM COATED",ORAL,7/10/2009,0000-00-00,Eli Lilly and Company,PRASUGREL HYDROCHLORIDE,5,mg/1,"Decreased Platelet Aggregation [PE],P2Y12 Platelet Inhibitor [EPC],P2Y12 Receptor Antagonists [MoA]",,0,,,,
195,0093-0771,PRESCRIPTION,PRAVACHOL,Pravastatin Sodium,TABLET,ORAL,4/25/2006,0000-00-00,Teva Pharmaceuticals USA Inc,PRAVASTATIN SODIUM,10,mg/1,"HMG-CoA Reductase Inhibitor [EPC],Hydroxymethylglutaryl-CoA Reductase Inhibitors [MoA]",,0,,,,
196,0069-4310,PRESCRIPTION,Minipress,prazosin hydrochloride,CAPSULE,ORAL,5/10/1994,0000-00-00,Pfizer Laboratories Div Pfizer Inc,PRAZOSIN HYDROCHLORIDE,1,mg/1,"Adrenergic alpha-Antagonists [MoA],alpha-Adrenergic Blocker [EPC]",,0,,,,
197,55154-4938,PRESCRIPTION,PredniSONE,PredniSONE,TABLET,ORAL,4/21/1972,0000-00-00,Cardinal Health,PREDNISONE,5,mg/1,,,0,,,,
198,0071-1012,PRESCRIPTION,Lyrica,PREGABALIN,CAPSULE,ORAL,12/30/2004,0000-00-00,Pfizer Laboratories Div Pfizer Inc,PREGABALIN,25,mg/1,,CV,0,,,,
199,0781-1832,PRESCRIPTION,Promethazine Hydrochloride,Promethazine Hydrochloride,TABLET,ORAL,2/18/1975,0000-00-00,Sandoz Inc,PROMETHAZINE HYDROCHLORIDE,50,mg/1,"Phenothiazine [EPC],Phenothiazines [Chemical/Ingredient]",,0,,,,
200,24090-470,PRESCRIPTION,Inderal,propranolol hydrochloride,"CAPSULE, EXTENDED RELEASE",ORAL,4/19/1983,0000-00-00,"Akrimax Pharmaceuticals, LLC",PROPRANOLOL HYDROCHLORIDE,60,mg/1,"Adrenergic beta-Antagonists [MoA],beta-Adrenergic Blocker [EPC]",,0,,,,
201,0310-0271,PRESCRIPTION,SEROQUEL,Quetiapine fumarate,"TABLET, FILM COATED",ORAL,10/1/1997,0000-00-00,AstraZeneca Pharmaceuticals LP,QUETIAPINE FUMARATE,100,mg/1,Atypical Antipsychotic [EPC],,0,,,,
202,0071-0527,PRESCRIPTION,Accupril,quinapril hydrochloride,"TABLET, FILM COATED",ORAL,11/19/1991,0000-00-00,Parke-Davis Div of Pfizer Inc,QUINAPRIL HYDROCHLORIDE,5,mg/1,"Angiotensin Converting Enzyme Inhibitor [EPC],Angiotensin-converting Enzyme Inhibitors [MoA]",,0,,,,
203,63629-3389,PRESCRIPTION,Rozerem,ramelteon,"TABLET, FILM COATED",ORAL,7/22/2005,0000-00-00,Bryant Ranch Prepack,RAMELTEON,8,mg/1,"Melatonin Receptor Agonist [EPC],Melatonin Receptor Agonists [MoA]",,0,,,,
204,0173-0393,PRESCRIPTION,ZANTAC,ranitidine hydrochloride,"TABLET, FILM COATED",ORAL,10/1/1989,0000-00-00,GlaxoSmithKline LLC,RANITIDINE HYDROCHLORIDE,300,mg/1,"Histamine H2 Receptor Antagonists [MoA],Histamine-2 Receptor Antagonist [EPC]",,0,,,,
205,0068-0508,PRESCRIPTION,Rifadin,rifampin,CAPSULE,ORAL,5/21/1971,0000-00-00,Sanofi-Aventis U.S. LLC,RIFAMPIN,300,mg/1,"Rifamycin Antibacterial [EPC],Rifamycins [Chemical/Ingredient]",,0,,,,
206,50458-302,PRESCRIPTION,RISPERDAL,risperidone,TABLET,ORAL,12/29/1993,0000-00-00,"Janssen Pharmaceuticals, Inc.",RISPERIDONE,0.5,mg/1,Atypical Antipsychotic [EPC],,0,,,,
207,50458-580,PRESCRIPTION,Xarelto,rivaroxaban,"TABLET, FILM COATED",ORAL,7/1/2011,0000-00-00,"Janssen Pharmaceuticals, Inc.",RIVAROXABAN,10,mg/1,"Factor Xa Inhibitors [MoA],Factor Xa Inhibitor [EPC]",,0,,,,
208,0078-0323,PRESCRIPTION,Exelon,rivastigmine tartrate,CAPSULE,ORAL,4/30/2000,0000-00-00,Novartis Pharmaceuticals Corporation,RIVASTIGMINE TARTRATE,1.5,mg/1,"Cholinesterase Inhibitor [EPC],Cholinesterase Inhibitors [MoA]",,0,,,,
209,0006-0266,PRESCRIPTION,MAXALT,rizatriptan benzoate,TABLET,ORAL,6/29/1998,0000-00-00,Merck Sharp & Dohme Corp.,RIZATRIPTAN BENZOATE,5,mg/1,"Serotonin 1b Receptor Agonists [MoA],Serotonin 1d Receptor Agonists [MoA],Serotonin-1b and Serotonin-1d Receptor Agonist [EPC]",,0,,,,
210,0310-0751,PRESCRIPTION,CRESTOR,Rosuvastatin calcium,"TABLET, FILM COATED",ORAL,8/18/2003,0000-00-00,AstraZeneca Pharmaceuticals LP,ROSUVASTATIN CALCIUM,10,mg/1,"HMG-CoA Reductase Inhibitor [EPC],Hydroxymethylglutaryl-CoA Reductase Inhibitors [MoA]",,0,,,,
211,0173-0696,PRESCRIPTION,ADVAIR,fluticasone propionate and salmeterol,POWDER,RESPIRATORY (INHALATION),2/5/2001,0000-00-00,GlaxoSmithKline LLC,SALMETEROL XINAFOATE; FLUTICASONE PROPIONATE,50; 250,ug/1; ug/1,"Adrenergic beta2-Agonists [MoA],beta2-Adrenergic Agonist [EPC],Corticosteroid [EPC],Corticosteroid Hormone Receptor Agonists [MoA]",,0,,,,
212,0049-4900,PRESCRIPTION,Zoloft,sertraline hydrochloride,"TABLET, FILM COATED",ORAL,2/11/1992,0000-00-00,Roerig,SERTRALINE HYDROCHLORIDE,50,mg/1,"Serotonin Reuptake Inhibitor [EPC],Serotonin Uptake Inhibitors [MoA]",,0,,,,
213,0069-4200,PRESCRIPTION,Viagra,sildenafil citrate,"TABLET, FILM COATED",ORAL,3/27/1998,0000-00-00,Pfizer Laboratories Div Pfizer Inc,SILDENAFIL CITRATE,25,mg/1,"Phosphodiesterase 5 Inhibitor [EPC],Phosphodiesterase 5 Inhibitors [MoA]",,0,,,,
214,0006-0726,PRESCRIPTION,ZOCOR,SIMVASTATIN,"TABLET, FILM COATED",ORAL,12/23/1991,0000-00-00,Merck Sharp & Dohme Corp.,SIMVASTATIN,5,mg/1,"HMG-CoA Reductase Inhibitor [EPC],Hydroxymethylglutaryl-CoA Reductase Inhibitors [MoA]",,0,,,,
215,0006-0112,PRESCRIPTION,JANUVIA,sitagliptin,"TABLET, FILM COATED",ORAL,10/16/2006,0000-00-00,Merck Sharp & Dohme Corp.,SITAGLIPTIN PHOSPHATE,50,mg/1,"Dipeptidyl Peptidase 4 Inhibitor [EPC],Dipeptidyl Peptidase 4 Inhibitors [MoA]",,0,,,,
216,52268-012,PRESCRIPTION,SUPREP Bowel Prep,"sodium sulfate, potassium sulfate, magnesium sulfate","SOLUTION, CONCENTRATE",ORAL,8/6/2010,0000-00-00,"Braintree Laboratories, Inc.",SODIUM SULFATE; POTASSIUM SULFATE; MAGNESIUM SULFATE,17.5; 3.13; 1.6,g/mL; g/mL; g/mL,"Calculi Dissolution Agent [EPC],Magnesium Ion Exchange Activity [MoA],Osmotic Laxative [EPC],Osmotic Activity [MoA],Inhibition Small Intestine Fluid/Electrolyte Absorption [PE],Increased Large Intestinal Motility [PE],Stimulation Large Intestine Fluid/Electrolyte Secretion [PE]",,0,,,,
217,0025-1001,PRESCRIPTION,Aldactone,spironolactone,"TABLET, FILM COATED",ORAL,1/21/1960,0000-00-00,G.D. Searle LLC Division of Pfizer Inc,SPIRONOLACTONE,25,mg/1,"Aldosterone Antagonist [EPC],Aldosterone Antagonists [MoA]",,0,,,,
218,49708-145,PRESCRIPTION,Bactrim,sulfamethoxazole and Trimethoprim,TABLET,ORAL,11/1/2004,0000-00-00,"Sun Pharmaceutical Industries, Inc",SULFAMETHOXAZOLE; TRIMETHOPRIM,400; 80,mg/1; mg/1,"Sulfonamide Antimicrobial [EPC],Sulfonamides [Chemical/Ingredient],Cytochrome P450 2C9 Inhibitors [MoA],Dihydrofolate Reductase Inhibitor Antibacterial [EPC],Dihydrofolate Reductase Inhibitors [MoA],Cytochrome P450 2C8 Inhibitors [MoA],Organic Cation Transporter 2 Inhibitors [MoA]",,0,,,,
219,49708-146,PRESCRIPTION,Bactrim DS,sulfamethoxazole and Trimethoprim,TABLET,ORAL,11/1/2004,0000-00-00,"Sun Pharmaceutical Industries, Inc",SULFAMETHOXAZOLE; TRIMETHOPRIM,800; 160,mg/1; mg/1,"Sulfonamide Antimicrobial [EPC],Sulfonamides [Chemical/Ingredient],Cytochrome P450 2C9 Inhibitors [MoA],Dihydrofolate Reductase Inhibitor Antibacterial [EPC],Dihydrofolate Reductase Inhibitors [MoA],Cytochrome P450 2C8 Inhibitors [MoA],Organic Cation Transporter 2 Inhibitors [MoA]",,0,,,,
220,0013-0101,PRESCRIPTION,Azulfidine,Sulfasalazine,TABLET,ORAL,6/20/1950,0000-00-00,Pharmacia and Upjohn Company,SULFASALAZINE,500,mg/1,"Aminosalicylate [EPC],Aminosalicylic Acids [Chemical/Ingredient]",,0,,,,
221,0173-0523,PRESCRIPTION,IMITREX,sumatriptan,SPRAY,NASAL,9/18/1997,0000-00-00,GlaxoSmithKline LLC,SUMATRIPTAN,20,mg/1,"Serotonin 1b Receptor Agonists [MoA],Serotonin 1d Receptor Agonists [MoA],Serotonin-1b and Serotonin-1d Receptor Agonist [EPC]",,0,,,,
222,0006-0005,PRESCRIPTION,BELSOMRA,suvorexant,"TABLET, FILM COATED",ORAL,8/29/2014,0000-00-00,Merck Sharp & Dohme Corp.,SUVOREXANT,5,mg/1,"Orexin Receptor Antagonist [EPC],Orexin Receptor Antagonists [MoA],P-Glycoprotein Inhibitors [MoA],Cytochrome P450 3A Inhibitors [MoA]",CIV,0,,,,
223,0002-4462,PRESCRIPTION,Cialis,Tadalafil,"TABLET, FILM COATED",ORAL,11/26/2003,0000-00-00,Eli Lilly and Company,TADALAFIL,5,mg/1,"Phosphodiesterase 5 Inhibitor [EPC],Phosphodiesterase 5 Inhibitors [MoA]",,0,,,,
224,54868-3004,PRESCRIPTION,Tamoxifen Citrate,Tamoxifen Citrate,"TABLET, FILM COATED",ORAL,4/26/1994,0000-00-00,"Physicians Total Care, Inc.",TAMOXIFEN CITRATE,10,mg/1,"Estrogen Agonist/Antagonist [EPC],Selective Estrogen Receptor Modulators [MoA]",,0,,,,
225,0597-0058,PRESCRIPTION,Flomax,tamsulosin hydrochloride,CAPSULE,ORAL,9/12/1997,0000-00-00,"Boehringer Ingelheim Pharmaceuticals, Inc.",TAMSULOSIN HYDROCHLORIDE,0.4,mg/1,"Adrenergic alpha-Antagonists [MoA],alpha-Adrenergic Blocker [EPC]",,0,,,,
226,0186-0777,PRESCRIPTION,BRILINTA,Ticagrelor,TABLET,ORAL,8/5/2011,0000-00-00,AstraZeneca Pharmaceuticals LP,TICAGRELOR,90,mg/1,"P2Y12 Platelet Inhibitor [EPC],Phenylalanine Hydroxylase Activators [MoA],Decreased Platelet Aggregation [PE],P2Y12 Receptor Antagonists [MoA],Cytochrome P450 3A4 Inhibitors [MoA],Cytochrome P450 3A5 Inhibitors [MoA],P-Glycoprotein Inhibitors [MoA]",,0,,,,
227,0078-0494,PRESCRIPTION,TOBI,Tobramycin,SOLUTION,ORAL,12/22/1997,0000-00-00,Novartis Pharmaceuticals Corporation,TOBRAMYCIN,300,mg/5mL,"Aminoglycoside Antibacterial [EPC],Aminoglycosides [Chemical/Ingredient]",,0,,,,
228,50458-639,PRESCRIPTION,Topamax,topiramate,"TABLET, COATED",ORAL,1/1/1997,0000-00-00,"Janssen Pharmaceuticals, Inc.",TOPIRAMATE,25,mg/1,"Decreased Central Nervous System Disorganized Electrical Activity [PE],Cytochrome P450 3A4 Inducers [MoA],Cytochrome P450 2C19 Inhibitors [MoA]",,0,,,,
229,54868-3835,PRESCRIPTION,Demadex,Torsemide,TABLET,ORAL,11/28/2000,0000-00-00,"Physicians Total Care, Inc.",TORSEMIDE,10,mg/1,"Increased Diuresis at Loop of Henle [PE],Loop Diuretic [EPC]",,0,,,,
230,50458-659,PRESCRIPTION,ULTRAM,tramadol hydrochloride,"TABLET, COATED",ORAL,3/3/1995,0000-00-00,"Janssen Pharmaceuticals, Inc.",TRAMADOL HYDROCHLORIDE,50,mg/1,"Full Opioid Agonists [MoA],Opioid Agonist [EPC]",CIV,0,,,,
231,0555-0733,PRESCRIPTION,Trazodone Hydrochloride,Trazodone Hydrochloride,TABLET,ORAL,5/3/1999,0000-00-00,"Teva Pharmaceuticals USA, Inc..",TRAZODONE HYDROCHLORIDE,300,mg/1,Serotonin Reuptake Inhibitor [EPC],,0,,,,
232,0591-3159,PRESCRIPTION,Ursodiol,Ursodiol,CAPSULE,ORAL,12/31/1987,0000-00-00,"Actavis Pharma, Inc.",URSODIOL,300,mg/1,"Bile Acid [EPC],Bile Acids and Salts [Chemical/Ingredient]",,0,,,,
233,0173-0933,PRESCRIPTION,VALTREX,valacyclovir hydrochloride,"TABLET, FILM COATED",ORAL,8/1/1995,0000-00-00,GlaxoSmithKline LLC,VALACYCLOVIR HYDROCHLORIDE,500,mg/1,"DNA Polymerase Inhibitors [MoA],Herpes Simplex Virus Nucleoside Analog DNA Polymerase Inhibitor [EPC],Herpes Zoster Virus Nucleoside Analog DNA Polymerase Inhibitor [EPC],Herpesvirus Nucleoside Analog DNA Polymerase Inhibitor [EPC],Nucleoside Analog [Chemical/Ingredient]",,0,,,,
234,0173-0829,PRESCRIPTION,Levitra,vardenafil hydrochloride,"TABLET, FILM COATED",ORAL,4/23/2003,0000-00-00,GlaxoSmithKline LLC,VARDENAFIL HYDROCHLORIDE TRIHYDRATE,5,mg/1,"Phosphodiesterase 5 Inhibitor [EPC],Phosphodiesterase 5 Inhibitors [MoA]",,0,,,,
235,0069-0469,PRESCRIPTION,CHANTIX,varenicline tartrate,"TABLET, FILM COATED",ORAL,5/10/2006,0000-00-00,Pfizer Laboratories Div Pfizer Inc,VARENICLINE TARTRATE,1,mg/1,"Partial Cholinergic Nicotinic Agonist [EPC],Partial Cholinergic Nicotinic Agonists [MoA]",,0,,,,
236,0008-0833,PRESCRIPTION,Effexor,VENLAFAXINE HYDROCHLORIDE,"CAPSULE, EXTENDED RELEASE",ORAL,11/1/1997,0000-00-00,"Wyeth Pharmaceuticals Inc., a subsidiary of Pfizer Inc.",VENLAFAXINE HYDROCHLORIDE,75,mg/1,"Norepinephrine Uptake Inhibitors [MoA],Serotonin and Norepinephrine Reuptake Inhibitor [EPC],Serotonin Uptake Inhibitors [MoA]",,0,,,,
237,0025-1851,PRESCRIPTION,CALAN,verapamil hydrochloride,"TABLET, FILM COATED",ORAL,9/10/1984,0000-00-00,G.D. Searle LLC Division of Pfizer Inc,VERAPAMIL HYDROCHLORIDE,80,mg/1,"Calcium Channel Antagonists [MoA],Calcium Channel Blocker [EPC],Cytochrome P450 3A4 Inhibitors [MoA],Cytochrome P450 3A Inhibitors [MoA],P-Glycoprotein Inhibitors [MoA]",,0,,,,
238,0049-3960,PRESCRIPTION,Geodon,ziprasidone hydrochloride,CAPSULE,ORAL,2/5/2001,0000-00-00,Roerig,ZIPRASIDONE HYDROCHLORIDE,20,mg/1,Atypical Antipsychotic [EPC],,0,,,,
239,68258-7103,PRESCRIPTION,ZOMIG,Zolmitriptan,TABLET,ORAL,5/18/2010,0000-00-00,"Dispensing Solutions, Inc.",ZOLMITRIPTAN,5,mg/1,"Serotonin 1b Receptor Agonists [MoA],Serotonin 1d Receptor Agonists [MoA],Serotonin-1b and Serotonin-1d Receptor Agonist [EPC]",,0,,,,
240,0024-5401,PRESCRIPTION,Ambien,zolpidem tartrate,"TABLET, FILM COATED",ORAL,4/1/1993,0000-00-00,sanofi-aventis U.S. LLC,ZOLPIDEM TARTRATE,5,mg/1,"gamma-Aminobutyric Acid-ergic Agonist [EPC],GABA A Agonists [MoA],Pyridines [Chemical/Ingredient],Central Nervous System Depression [PE]",CIV,0,,,,
241,50580-451,OTC,TYLENOL,Acetaminophen,"TABLET, COATED",ORAL,8/19/1994,0000-00-00,"Johnson & Johnson Consumer Inc., McNeil Consumer Healthcare Division",ACETAMINOPHEN,500,mg/1,,,0,,,,
242,57664-071,OTC,Ferrous Sulfate,Ferrous Sulfate,"TABLET, FILM COATED",ORAL,7/1/2014,0000-00-00,"Sun Pharmaceutical Industries, Inc.",FERROUS SULFATE,325,mg/1,,,0,,,,
243,41167-4120,OTC,Allegra Allergy,fexofenadine hydrochloride,"TABLET, FILM COATED",ORAL,3/3/2011,0000-00-00,"Chattem, Inc.",FEXOFENADINE HYDROCHLORIDE,180,mg/1,,,0,,,,
244,0280-2100,OTC,Bayer,Aspirin,TABLET,ORAL,7/12/2002,0000-00-00,"Bayer HealthCare LLC, Consumer Care",ASPIRIN,81,mg/1,,,0,,,,
245,50580-545,OTC,SUDAFED,Pseudoephedrine Hydrochloride,"TABLET, COATED",ORAL,10/1/2011,0000-00-00,"Johnson & Johnson Consumer Inc., McNeil Consumer Healthcare Division",PSEUDOEPHEDRINE HYDROCHLORIDE,30,mg/1,,,0,,,,
246,0603-0282,OTC,Senna-Lax,Sennosides,TABLET,ORAL,1/27/1996,0000-00-00,Qualitest Pharmaceuticals,SENNOSIDES A AND B,8.6,mg/1,,,0,,,,
247,74312-0079,OTC,Melatonin,Melatonin,TABLET,ORAL,1/1/1995,0000-00-00,Nature's Bounty,MELATONIN,3,mg/1,,,0,,,,
248,66825-0002,OTC,Florastor,saccharomyces boulardii lyo,CAPSULE,ORAL,1/1/1947,0000-00-00,Biocodex,saccharomyces boulardii lyo,250,mg/1,Probiotic,,0,,,,
249,0113-2310,OTC,Tussin,Guaifenesin,SYRUP,ORAL,7/15/1987,0000-00-00,L Perrigo Company,GUAIFENESIN,100,mg/5mL,,,0,,,,
